Percentage,Viscosity
0,0.00089274
10,0.001183
20,0.001617
30,0.002294
40,0.003405
50,0.005339
